"","Iteration","Seconds"
"1","Initial",2602
"2","Initial",2488
"3","Initial",2532
"4","Initial",2649
"5","Initial",2508
"6","Initial",2348
"7","Initial",2521
"8","Initial",2444
"9","Initial",2414
"10","Initial",2724
"11","Initial",2669
"12","Initial",2624
"13","Initial",2401
"14","Initial",2345
"15","Initial",2626
"16","Initial",2489
"17","Initial",2748
"18","Initial",2624
"19","Initial",2494
"20","Initial",2246
"21","Initial",2540
"22","Initial",2645
"23","Initial",2553
"24","Initial",2533
"25","Initial",2444
"26","Initial",2552
"27","Initial",2645
"28","Initial",2592
"29","Initial",2324
"30","Initial",2654
"31","Initial",2273
"32","Initial",2472
"33","Initial",2775
"34","Initial",2309
"35","Initial",2593
"36","Initial",2445
"37","Initial",2613
"38","Initial",2610
"39","Initial",2345
"40","Initial",2445
"41","Initial",2298
"42","Initial",2369
"43","Initial",2248
"44","Initial",2639
"45","Initial",2303
"46","Initial",2584
"47","Initial",2584
"48","Initial",2420
"49","Initial",2602
"50","Initial",2392
"51","Initial",2465
"52","Initial",2521
"53","Initial",2444
"54","Initial",2529
"55","Initial",2245
"56","Initial",2682
"57","Initial",2440
"58","Initial",2652
"59","Initial",2555
"60","Initial",2535
"61","Initial",2544
"62","Initial",2500
"63","Initial",2568
"64","Initial",2640
"65","Initial",2639
"66","Initial",2531
"67","Initial",2602
"68","Initial",2363
"69","Initial",2450
"70","Initial",2750
"71","Initial",2610
"72","Initial",2410
"73","Initial",2436
"74","Initial",2444
"75","Initial",2624
"76","Initial",2483
"77","Initial",2606
"78","Initial",2652
"79","Initial",2540
"80","Initial",2475
"81","Initial",2508
"82","Initial",2303
"83","Initial",2267
"84","Initial",2237
"85","Initial",2593
"86","Initial",2273
"87","Initial",2552
"88","Initial",2602
"89","Initial",2580
"90","Initial",2535
"91","Initial",2428
"92","Initial",2380
"93","Initial",2682
"94","Initial",2544
"95","Initial",2542
"96","Initial",2619
"97","Initial",2428
"98","Initial",2526
"99","Initial",2588
"100","Initial",3480
"101","Initial",2724
"102","Initial",2609
"103","Initial",2040
"104","Initial",2612
"105","Initial",2520
"106","Initial",2143
"107","Initial",2430
"108","Initial",2308
"109","Initial",2437
"110","Initial",2573
"111","Initial",2550
"112","Initial",2446
"113","Initial",2503
"114","Initial",2568
"115","Initial",2548
"116","Initial",2442
"117","Initial",2608
"118","Initial",2611
"119","Initial",2640
"120","Initial",2555
"121","Initial",2444
"122","Initial",2432
"123","Initial",2258
"124","Initial",2580
"125","Initial",2679
"126","Initial",2462
"127","Initial",2493
"128","Initial",2547
"129","Initial",2771
"130","Initial",2545
"131","Initial",2475
"132","Initial",2375
"133","Initial",2545
"134","Initial",2544
"135","Initial",2327
"136","Initial",2444
"137","Initial",2652
"138","Initial",2267
"139","Initial",2492
"140","Initial",2542
"141","Initial",2697
"142","Initial",2548
"143","Initial",2309
"144","Initial",2531
"145","Initial",2632
"146","Initial",2592
"147","Initial",2548
"148","Initial",2730
"149","Initial",2277
"150","Initial",2210
"151","Initial",2501
"152","Initial",2160
"153","Initial",2495
"154","Initial",2090
"155","Initial",2388
"156","Initial",2546
"157","Initial",2357
"158","Initial",2211
"159","Initial",2290
"160","Initial",2208
"161","Initial",2203
"162","Initial",2559
"163","Initial",2750
"164","Initial",2490
"165","Initial",2295
"166","Initial",2099
"167","Initial",2402
"168","Initial",2211
"169","Initial",2181
"170","Initial",2580
"171","Initial",2440
"172","Initial",2390
"173","Initial",2637
"174","Initial",2596
"175","Initial",2252
"176","Initial",2368
"177","Initial",2952
"178","Initial",2410
"179","Initial",2167
"180","Initial",2520
"181","Initial",2360
"182","Initial",2700
"183","Initial",2542
"184","Initial",2700
"185","Initial",2573
"186","Initial",2313
"187","Initial",2410
"188","Initial",2744
"189","Initial",2695
"190","Initial",2638
"191","Initial",2242
"192","Initial",2491
"193","Initial",2245
"194","Initial",2545
"195","Initial",2316
"196","Initial",2203
"197","Initial",2397
"198","Initial",2410
"199","Initial",2290
"200","Initial",2380
"201","Initial",2298
"202","Initial",2381
"203","Initial",2181
"204","Initial",2294
"205","Initial",2487
"206","Initial",2298
"207","Initial",2316
"208","Initial",2357
"209","Initial",2491
"210","Initial",2316
"211","Initial",2361
"212","Initial",2130
"213","Initial",2520
"214","Initial",2205
"215","Initial",2311
"216","Initial",2745
"217","Initial",2476
"218","Initial",2260
"219","Initial",2680
"220","Initial",2827
"221","Initial",2576
"222","Initial",2621
"223","Initial",2412
"224","Initial",2734
"225","Initial",2037
"226","Initial",2230
"227","Initial",2479
"228","Initial",2132
"229","Initial",2411
"230","Initial",2354
"231","Initial",1919
"232","Initial",2082
"233","Initial",2349
"234","Initial",2835
"235","Initial",2559
"236","Initial",2509
"237","Initial",2163
"238","Initial",1928
"239","Initial",2835
"240","Initial",2559
"241","Initial",2360
"242","Initial",2340
"243","Initial",2300
"244","Initial",1890
"245","Initial",2557
"246","Initial",2737
"247","Initial",2512
"248","Initial",2289
"249","Initial",1844
"250","Initial",2125
"251","Initial",1995
"252","Initial",2497
"253","Initial",2453
"254","Initial",2064
"255","Initial",2717
"256","Initial",2284
"257","Initial",2705
"258","Initial",2340
"259","Initial",2572
"260","Initial",1977
"261","Initial",2662
"262","Initial",2155
"263","Initial",2243
"264","Initial",2715
"265","Initial",2350
"266","Initial",2260
"267","Initial",2080
"268","Initial",2500
"269","Initial",2761
"270","Initial",2487
"271","Initial",2500
"272","Initial",2025
"273","Initial",1970
"274","Initial",2456
"275","Initial",2306
"276","Initial",1844
"277","Initial",2452
"278","Initial",2527
"279","Initial",2558
"280","Initial",2347
"281","Initial",2372
"282","Initial",2080
"283","Initial",2495
"284","Initial",2336
"285","Initial",2406
"286","Initial",2737
"287","Initial",2437
"288","Initial",2166
"289","Initial",2260
"290","Initial",2160
"291","Initial",2608
"292","Initial",2058
"293","Initial",2334
"294","Initial",2599
"295","Initial",2353
"296","Initial",2550
"297","Initial",2625
"298","Initial",2283
"299","Initial",2219
"300","Initial",2575
"301","Initial",2582
"302","Initial",2486
"303","Initial",2039
"304","Initial",2605
"305","Initial",2397
"306","Initial",2459
"307","Initial",2518
"308","Initial",2592
"309","Initial",2630
"310","Initial",2417
"311","Initial",2633
"312","Initial",2437
"313","Initial",2516
"314","Initial",2547
"315","Initial",2177
"316","Initial",2174
"317","Initial",2223
"318","Initial",1963
"319","Initial",2273
"320","Initial",2246
"321","Initial",2147
"322","Initial",2453
"323","Initial",2178
"324","Initial",2608
"325","Initial",2652
"326","Initial",2304
"327","Initial",2120
"328","Initial",2166
"329","Initial",2654
"330","Initial",2438
"331","Initial",2474
"332","Initial",2219
"333","Initial",2260
"334","Initial",2079
"335","Initial",2655
"336","Initial",2526
"337","Initial",2137
"338","Initial",1805
"339","Initial",1871
"340","Initial",2523
"341","Initial",2246
"342","Initial",2450
"343","Initial",2439
"344","Initial",1840
"345","Initial",2265
"346","Initial",2570
"347","Initial",2355
"348","Initial",2625
"349","Initial",2104
"350","Initial",2237
"351","Initial",2567
"352","Initial",2437
"353","Initial",1775
"354","Initial",2658
"355","Initial",2489
"356","Initial",2481
"357","Initial",2359
"358","Initial",2700
"359","Initial",2627
"360","Initial",2565
"361","Initial",2725
"362","Initial",2679
"363","Initial",2615
"364","Initial",2557
"365","Initial",2523
"366","Initial",2617
"367","Initial",2615
"368","Initial",2687
"369","Initial",2529
"370","Initial",2510
"371","Initial",2538
"372","Initial",2725
"373","Initial",2420
"374","Initial",2576
"375","Initial",2756
"376","Initial",2772
"377","Initial",2625
"378","Initial",2775
"379","Initial",2510
"380","Initial",2541
"381","Initial",2676
"382","Initial",2736
"383","Initial",2560
"384","Initial",2476
"385","Initial",2521
"386","Initial",2618
"387","Initial",2359
"388","Initial",2765
"389","Initial",2608
"390","Initial",2890
"391","Initial",2516
"392","Initial",2759
"393","Initial",2641
"394","Initial",2738
"395","Initial",2822
"396","Initial",2483
"397","Initial",2845
"398","Initial",2642
"399","Initial",2644
"400","Initial",2815
"401","Initial",2791
"402","Initial",2847
"403","Initial",2502
"404","Initial",2512
"405","Initial",2800
"406","Initial",2522
"407","Initial",2695
"408","Initial",2715
"409","Initial",2864
"410","Initial",2517
"411","Initial",2840
"412","Initial",2640
"413","Initial",2627
"414","Initial",2523
"415","Initial",2638
"416","Initial",2608
"417","Initial",2555
"418","Initial",2594
"419","Initial",2130
"420","Initial",2515
"421","Initial",1940
"422","Initial",2545
"423","Initial",2532
"424","Initial",2181
"425","Initial",2597
"426","Initial",2594
"427","Initial",2648
"428","Initial",2033
"429","Initial",2382
"430","Initial",2597
"431","Initial",2386
"432","Initial",2422
"433","Initial",2471
"434","Initial",2410
"435","Initial",2532
"436","Initial",2194
"437","Initial",2385
"438","Initial",2123
"439","Initial",2315
"440","Initial",2142
"441","Initial",2453
"442","Initial",2418
"443","Initial",2530
"444","Initial",2554
"445","Initial",2420
"446","Initial",2341
"447","Initial",2494
"448","Initial",2598
"449","Initial",2380
"450","Initial",2575
"451","Initial",2651
"452","Initial",2648
"453","Initial",1939
"454","Initial",2492
"455","Initial",2436
"456","Initial",2477
"457","Initial",2549
"458","Initial",2560
"459","Initial",2490
"460","Initial",2180
"461","Initial",2648
"462","Initial",2536
"463","Initial",2386
"464","Initial",2389
"465","Initial",1939
"466","Initial",2671
"467","Initial",2308
"468","Initial",2419
"469","Initial",2536
"470","Initial",2115
"471","Initial",2671
"472","Initial",2778
"473","Initial",2657
"474","Initial",2340
"475","Initial",2547
"476","Initial",2540
"477","Initial",2234
"478","Initial",2080
"479","Initial",2547
"480","Initial",2422
"481","Initial",2035
"482","Initial",2549
"483","Initial",2679
"484","Initial",2599
"485","Initial",2190
"486","Initial",2599
"487","Initial",2655
"488","Initial",2361
"489","Initial",2312
"490","Initial",2654
"491","Initial",2390
"492","Initial",2644
"493","Initial",2607
"494","Initial",2236
"495","Initial",2613
"496","Initial",2551
"497","Initial",2575
"498","Initial",2646
"499","Initial",2550
"500","Initial",2429
"501","Initial",2185
"502","Initial",2520
"503","Initial",2620
"504","Initial",2348
"505","Initial",2557
"506","Initial",2627
"507","Initial",2494
"508","Initial",2012
"509","Initial",2693
"510","Initial",2404
"511","Initial",2144
"512","Initial",2617
"513","Initial",2535
"514","Initial",2700
"515","Initial",2635
"516","Initial",2770
"517","Initial",2704
"518","Initial",2731
"519","Initial",2577
"520","Initial",2430
"521","Initial",2543
"522","Initial",2830
"523","Initial",2779
"524","Initial",2516
"525","Initial",2510
"526","Initial",2445
"527","Initial",2493
"528","Initial",2318
"529","Initial",2458
"530","Initial",2838
"531","Initial",2482
"532","Initial",2682
"533","Initial",2850
"534","Initial",2493
"535","Initial",2661
"536","Initial",2462
"537","Initial",2457
"538","Initial",2731
"539","Initial",2731
"540","Initial",2265
"541","Initial",2376
"542","Initial",2712
"543","Initial",2458
"544","Initial",2636
"545","Initial",2344
"546","Initial",2326
"547","Initial",2395
"548","Initial",2188
"549","Initial",2699
"550","Initial",2267
"551","Initial",2568
"552","Initial",2424
"553","Initial",2477
"554","Initial",2597
"555","Initial",2422
"556","Initial",2616
"557","Initial",2448
"558","Initial",2457
"559","Initial",2491
"560","Initial",2095
"561","Initial",2657
"562","Initial",2493
"563","Initial",2326
"564","Initial",2400
"565","Initial",2390
"566","Initial",2404
"567","Initial",2195
"568","Initial",2785
"569","Initial",2288
"570","Initial",2718
"571","Initial",2355
"572","Initial",1994
"573","Initial",2288
"574","Initial",2537
"575","Initial",2288
"576","Initial",2512
"577","Initial",2349
"578","Initial",2508
"579","Initial",2577
"580","Initial",2637
"581","Initial",2654
"582","Initial",2480
"583","Initial",2425
"584","Initial",2302
"585","Initial",2347
"586","Initial",2700
"587","Initial",2637
"588","Initial",2365
"589","Initial",2418
"590","Initial",2639
"591","Initial",2655
"592","Initial",2318
"593","Initial",2400
"594","Initial",2288
"595","Mid",2653
"596","Mid",2291
"597","Mid",2670
"598","Mid",2671
"599","Mid",2129
"600","Mid",2044
"601","Mid",2561
"602","Mid",2270
"603","Mid",2130
"604","Mid",2677
"605","Mid",2530
"606","Mid",2469
"607","Mid",2178
"608","Mid",2229
"609","Mid",2428
"610","Mid",1992
"611","Mid",2464
"612","Mid",2653
"613","Mid",2397
"614","Mid",2191
"615","Mid",2310
"616","Mid",2636
"617","Mid",2354
"618","Mid",2360
"619","Mid",2424
"620","Mid",2514
"621","Mid",2563
"622","Mid",2375
"623","Mid",2541
"624","Mid",2194
"625","Mid",2440
"626","Mid",2572
"627","Mid",2465
"628","Mid",2160
"629","Mid",2326
"630","Mid",2581
"631","Mid",2650
"632","Mid",2380
"633","Mid",1808
"634","Mid",2381
"635","Mid",2130
"636","Mid",2405
"637","Mid",2796
"638","Mid",2493
"639","Mid",2343
"640","Mid",2428
"641","Mid",2622
"642","Mid",2427
"643","Mid",2432
"644","Mid",2183
"645","Mid",2365
"646","Mid",2475
"647","Mid",2327
"648","Mid",2380
"649","Mid",2213
"650","Mid",2520
"651","Mid",2353
"652","Mid",2353
"653","Mid",2465
"654","Mid",2237
"655","Mid",2534
"656","Mid",2579
"657","Mid",2175
"658","Mid",2489
"659","Mid",2545
"660","Mid",2320
"661","Mid",2171
"662","Mid",2627
"663","Mid",2419
"664","Mid",2545
"665","Mid",2229
"666","Mid",2054
"667","Mid",2526
"668","Mid",2424
"669","Mid",2392
"670","Mid",2514
"671","Mid",2582
"672","Mid",2670
"673","Mid",2495
"674","Mid",2172
"675","Mid",2279
"676","Mid",1972
"677","Mid",2350
"678","Mid",2359
"679","Mid",2326
"680","Mid",2030
"681","Mid",2673
"682","Mid",2432
"683","Mid",2480
"684","Mid",2626
"685","Mid",2348
"686","Mid",2060
"687","Mid",2627
"688","Mid",2358
"689","Mid",2445
"690","Mid",2324
"691","Mid",2338
"692","Mid",2535
"693","Mid",2565
"694","Mid",2653
"695","Mid",2581
"696","Mid",2494
"697","Mid",1902
"698","Mid",2583
"699","Mid",2496
"700","Mid",2229
"701","Mid",2324
"702","Mid",2324
"703","Mid",2291
"704","Mid",2540
"705","Mid",2489
"706","Mid",2677
"707","Mid",2191
"708","Mid",2122
"709","Mid",2264
"710","Mid",2425
"711","Mid",2424
"712","Mid",2671
"713","Mid",2394
"714","Mid",2400
"715","Mid",2315
"716","Mid",2235
"717","Mid",2044
"718","Mid",2598
"719","Mid",2654
"720","Mid",2324
"721","Mid",2565
"722","Mid",2355
"723","Mid",2564
"724","Mid",2320
"725","Mid",2478
"726","Mid",2217
"727","Mid",2193
"728","Mid",2350
"729","Mid",2175
"730","Mid",2304
"731","Mid",2415
"732","Mid",2351
"733","Mid",2497
"734","Mid",2467
"735","Mid",2533
"736","Mid",2678
"737","Mid",2155
"738","Mid",2621
"739","Mid",2681
"740","Mid",2474
"741","Mid",2498
"742","Mid",2473
"743","Mid",1859
"744","Mid",2032
"745","Mid",2318
"746","Mid",2153
"747","Mid",2622
"748","Mid",2001
"749","Mid",2003
"750","Mid",2657
"751","Mid",2452
"752","Mid",2002
"753","Mid",2137
"754","Mid",2441
"755","Mid",2057
"756","Mid",2619
"757","Mid",2488
"758","Mid",2003
"759","Mid",2307
"760","Mid",2127
"761","Mid",2028
"762","Mid",2126
"763","Mid",2025
"764","Mid",2697
"765","Mid",2253
"766","Mid",2237
"767","Mid",2405
"768","Mid",2555
"769","Mid",2075
"770","Mid",2112
"771","Mid",2720
"772","Mid",2458
"773","Mid",2307
"774","Mid",2450
"775","Mid",2307
"776","Mid",2643
"777","Mid",2395
"778","Mid",2633
"779","Mid",2738
"780","Mid",2555
"781","Mid",2657
"782","Mid",2691
"783","Mid",2322
"784","Mid",2780
"785","Mid",2183
"786","Mid",2158
"787","Mid",2329
"788","Mid",2629
"789","Mid",2104
"790","Mid",2060
"791","Mid",2403
"792","Mid",2300
"793","Mid",2178
"794","Mid",2346
"795","Mid",2656
"796","Mid",2102
"797","Mid",2186
"798","Mid",2037
"799","Mid",2654
"800","Mid",2163
"801","Mid",2218
"802","Mid",2617
"803","Mid",2617
"804","Mid",2172
"805","Mid",2131
"806","Mid",2071
"807","Mid",2419
"808","Mid",2060
"809","Mid",1999
"810","Mid",2038
"811","Mid",2609
"812","Mid",2044
"813","Mid",2396
"814","Mid",2737
"815","Mid",2410
"816","Mid",2598
"817","Mid",2220
"818","Mid",2633
"819","Mid",2372
"820","Mid",2290
"821","Mid",2276
"822","Mid",2246
"823","Mid",2149
"824","Mid",2173
"825","Mid",2664
"826","Mid",2254
"827","Mid",2359
"828","Mid",2813
"829","Mid",2531
"830","Mid",2447
"831","Mid",1960
"832","Mid",1815
"833","Mid",2813
"834","Mid",2493
"835","Mid",2436
"836","Mid",2290
"837","Mid",1886
"838","Mid",2095
"839","Mid",2575
"840","Mid",2444
"841","Mid",2576
"842","Mid",2183
"843","Mid",1883
"844","Mid",2655
"845","Mid",1883
"846","Mid",2377
"847","Mid",2380
"848","Mid",2044
"849","Mid",2485
"850","Mid",2237
"851","Mid",2149
"852","Mid",2254
"853","Mid",2305
"854","Mid",2072
"855","Mid",2691
"856","Mid",2026
"857","Mid",2213
"858","Mid",2260
"859","Mid",2541
"860","Mid",2042
"861","Mid",2055
"862","Mid",2183
"863","Mid",2520
"864","Mid",2363
"865","Mid",2098
"866","Mid",2163
"867","Mid",1875
"868","Mid",2462
"869","Mid",2192
"870","Mid",2260
"871","Mid",2072
"872","Mid",2302
"873","Mid",2503
"874","Mid",2351
"875","Mid",2456
"876","Mid",2074
"877","Mid",2372
"878","Mid",2250
"879","Mid",2363
"880","Mid",2557
"881","Mid",2387
"882","Mid",2267
"883","Mid",2371
"884","Mid",2080
"885","Mid",2567
"886","Mid",2041
"887","Mid",2268
"888","Mid",1976
"889","Mid",2260
"890","Mid",2579
"891","Mid",2304
"892","Mid",2088
"893","Mid",2155
"894","Mid",2561
"895","Mid",2265
"896","Mid",2037
"897","Mid",2083
"898","Mid",2394
"899","Mid",2382
"900","Mid",2504
"901","Mid",2517
"902","Mid",2274
"903","Mid",2260
"904","Mid",2064
"905","Mid",1975
"906","Mid",2147
"907","Mid",2142
"908","Mid",2265
"909","Mid",2309
"910","Mid",2054
"911","Mid",2261
"912","Mid",2017
"913","Mid",2302
"914","Mid",1919
"915","Mid",1916
"916","Mid",2308
"917","Mid",1939
"918","Mid",2596
"919","Mid",2293
"920","Mid",2212
"921","Mid",2105
"922","Mid",2623
"923","Mid",2417
"924","Mid",2215
"925","Mid",2420
"926","Mid",2512
"927","Mid",2583
"928","Mid",2142
"929","Mid",2473
"930","Mid",2527
"931","Mid",2230
"932","Mid",1750
"933","Mid",1919
"934","Mid",2400
"935","Mid",2332
"936","Mid",2384
"937","Mid",2459
"938","Mid",2112
"939","Mid",2098
"940","Mid",2263
"941","Mid",2300
"942","Mid",2351
"943","Mid",2057
"944","Mid",2393
"945","Mid",2389
"946","Mid",2415
"947","Mid",1750
"948","Mid",2584
"949","Mid",2428
"950","Mid",2439
"951","Mid",2552
"952","Mid",2480
"953","Mid",2442
"954","Mid",2364
"955","Mid",2681
"956","Mid",2511
"957","Mid",2622
"958","Mid",2442
"959","Mid",2479
"960","Mid",2347
"961","Mid",2502
"962","Mid",2681
"963","Mid",2401
"964","Mid",2417
"965","Mid",2505
"966","Mid",2734
"967","Mid",2262
"968","Mid",2534
"969","Mid",2704
"970","Mid",2691
"971","Mid",2570
"972","Mid",2739
"973","Mid",2632
"974","Mid",2552
"975","Mid",2570
"976","Mid",2726
"977","Mid",2628
"978","Mid",2386
"979","Mid",2386
"980","Mid",2439
"981","Mid",2262
"982","Mid",2742
"983","Mid",2534
"984","Mid",NA
"985","Mid",2548
"986","Mid",2812
"987","Mid",2441
"988","Mid",2604
"989","Mid",2539
"990","Mid",2387
"991","Mid",2812
"992","Mid",2347
"993","Mid",2575
"994","Mid",2691
"995","Mid",2738
"996","Mid",2546
"997","Mid",2449
"998","Mid",2531
"999","Mid",2869
"1000","Mid",2155
"1001","Mid",2812
"1002","Mid",2677
"1003","Mid",2681
"1004","Mid",2515
"1005","Mid",2672
"1006","Mid",2479
"1007","Mid",2566
"1008","Mid",2517
"1009","Mid",2469
"1010","Mid",2675
"1011","Mid",2605
"1012","Mid",2563
"1013","Mid",1915
"1014","Mid",2450
"1015","Mid",2086
"1016","Mid",2507
"1017","Mid",2479
"1018","Mid",1960
"1019","Mid",2523
"1020","Mid",2464
"1021","Mid",2547
"1022","Mid",1716
"1023","Mid",2240
"1024","Mid",2712
"1025","Mid",2348
"1026","Mid",2191
"1027","Mid",2662
"1028","Mid",2360
"1029","Mid",2455
"1030","Mid",2097
"1031","Mid",2137
"1032","Mid",2097
"1033","Mid",2253
"1034","Mid",2320
"1035","Mid",2436
"1036","Mid",2502
"1037","Mid",2498
"1038","Mid",2413
"1039","Mid",2527
"1040","Mid",2178
"1041","Mid",2523
"1042","Mid",2530
"1043","Mid",2253
"1044","Mid",2448
"1045","Mid",2614
"1046","Mid",2264
"1047","Mid",1822
"1048","Mid",2272
"1049","Mid",2473
"1050","Mid",2442
"1051","Mid",2466
"1052","Mid",2500
"1053","Mid",2330
"1054","Mid",1858
"1055","Mid",2665
"1056","Mid",2523
"1057","Mid",2348
"1058","Mid",2393
"1059","Mid",2362
"1060","Mid",2544
"1061","Mid",2164
"1062","Mid",2485
"1063","Mid",2471
"1064","Mid",2458
"1065","Mid",2512
"1066","Mid",2528
"1067","Mid",2504
"1068","Mid",2285
"1069","Mid",2370
"1070","Mid",2151
"1071","Mid",2451
"1072","Mid",1969
"1073","Mid",2289
"1074","Mid",2595
"1075","Mid",2293
"1076","Mid",2448
"1077","Mid",2605
"1078","Mid",2483
"1079","Mid",2195
"1080","Mid",2228
"1081","Mid",2262
"1082","Mid",2339
"1083","Mid",2165
"1084","Mid",2615
"1085","Mid",2540
"1086","Mid",2361
"1087","Mid",2694
"1088","Mid",2162
"1089","Mid",2422
"1090","Mid",2524
"1091","Mid",2460
"1092","Mid",2668
"1093","Mid",2253
"1094","Mid",2547
"1095","Mid",2484
"1096","Mid",2512
"1097","Mid",2547
"1098","Mid",2454
"1099","Mid",2337
"1100","Mid",2507
"1101","Mid",2502
"1102","Mid",2421
"1103","Mid",2515
"1104","Mid",2369
"1105","Mid",2160
"1106","Mid",2572
"1107","Mid",2544
"1108","Mid",2538
"1109","Mid",2119
"1110","Mid",2469
"1111","Mid",2530
"1112","Mid",2490
"1113","Mid",2495
"1114","Mid",1818
"1115","Mid",2425
"1116","Mid",2839
"1117","Mid",2487
"1118","Mid",2453
"1119","Mid",2456
"1120","Mid",2029
"1121","Mid",2483
"1122","Mid",2280
"1123","Mid",2221
"1124","Mid",2768
"1125","Mid",2533
"1126","Mid",2374
"1127","Mid",2140
"1128","Mid",2399
"1129","Mid",2248
"1130","Mid",2401
"1131","Mid",2415
"1132","Mid",2314
"1133","Mid",2647
"1134","Mid",2071
"1135","Mid",2007
"1136","Mid",2235
"1137","Mid",2280
"1138","Mid",2622
"1139","Mid",2215
"1140","Mid",2630
"1141","Mid",2205
"1142","Mid",2280
"1143","Mid",2334
"1144","Mid",1904
"1145","Mid",2468
"1146","Mid",2004
"1147","Mid",2298
"1148","Mid",2493
"1149","Mid",2490
"1150","Mid",2159
"1151","Mid",2381
"1152","Mid",2431
"1153","Mid",2508
"1154","Mid",2346
"1155","Mid",2290
"1156","Mid",2249
"1157","Mid",2466
"1158","Mid",2172
"1159","Mid",2232
"1160","Mid",1904
"1161","Mid",2083
"1162","Mid",2678
"1163","Mid",2346
"1164","Mid",2298
"1165","Mid",2389
"1166","Mid",1740
"1167","Mid",2083
"1168","Mid",2511
"1169","Mid",1740
"1170","Mid",2274
"1171","Mid",2245
"1172","Mid",2449
"1173","Mid",2495
"1174","Mid",2313
"1175","Mid",2313
"1176","Mid",2357
"1177","Mid",2300
"1178","Mid",1975
"1179","Mid",2286
"1180","Mid",2561
"1181","Mid",2470
"1182","Mid",2173
"1183","Mid",2230
"1184","Mid",2334
"1185","Mid",2398
"1186","Mid",2274
"1187","Mid",2310
"1188","Mid",1997
"1189","Final",2630
"1190","Final",2203
"1191","Final",1988
"1192","Final",2476
"1193","Final",1877
"1194","Final",1969
"1195","Final",2638
"1196","Final",2153
"1197","Final",2336
"1198","Final",2405
"1199","Final",2555
"1200","Final",2539
"1201","Final",2151
"1202","Final",2160
"1203","Final",2394
"1204","Final",1988
"1205","Final",2338
"1206","Final",2563
"1207","Final",2354
"1208","Final",2153
"1209","Final",2334
"1210","Final",2626
"1211","Final",2224
"1212","Final",2336
"1213","Final",2016
"1214","Final",2534
"1215","Final",2572
"1216","Final",2097
"1217","Final",2442
"1218","Final",2277
"1219","Final",2453
"1220","Final",2446
"1221","Final",2567
"1222","Final",2210
"1223","Final",2197
"1224","Final",2569
"1225","Final",2453
"1226","Final",2664
"1227","Final",1705
"1228","Final",2329
"1229","Final",2092
"1230","Final",2256
"1231","Final",2159
"1232","Final",2531
"1233","Final",2213
"1234","Final",2418
"1235","Final",2350
"1236","Final",2421
"1237","Final",2584
"1238","Final",2195
"1239","Final",2001
"1240","Final",2405
"1241","Final",2209
"1242","Final",2463
"1243","Final",2159
"1244","Final",2530
"1245","Final",2417
"1246","Final",2317
"1247","Final",2454
"1248","Final",2254
"1249","Final",2165
"1250","Final",2643
"1251","Final",2703
"1252","Final",2452
"1253","Final",2333
"1254","Final",2486
"1255","Final",1948
"1256","Final",2639
"1257","Final",2348
"1258","Final",2702
"1259","Final",2114
"1260","Final",1888
"1261","Final",2351
"1262","Final",2165
"1263","Final",2625
"1264","Final",2433
"1265","Final",2448
"1266","Final",2575
"1267","Final",2400
"1268","Final",2186
"1269","Final",2149
"1270","Final",2123
"1271","Final",2486
"1272","Final",2225
"1273","Final",2390
"1274","Final",2069
"1275","Final",2556
"1276","Final",2584
"1277","Final",2630
"1278","Final",2486
"1279","Final",2226
"1280","Final",1969
"1281","Final",2399
"1282","Final",2294
"1283","Final",2706
"1284","Final",2417
"1285","Final",2410
"1286","Final",2448
"1287","Final",2476
"1288","Final",2563
"1289","Final",2568
"1290","Final",2481
"1291","Final",1825
"1292","Final",2420
"1293","Final",2418
"1294","Final",2114
"1295","Final",2650
"1296","Final",2201
"1297","Final",2161
"1298","Final",2417
"1299","Final",2262
"1300","Final",2519
"1301","Final",2170
"1302","Final",2068
"1303","Final",2459
"1304","Final",2078
"1305","Final",2291
"1306","Final",2597
"1307","Final",2170
"1308","Final",2337
"1309","Final",2434
"1310","Final",2389
"1311","Final",2704
"1312","Final",2174
"1313","Final",2563
"1314","Final",2362
"1315","Final",2215
"1316","Final",2291
"1317","Final",2490
"1318","Final",2311
"1319","Final",2351
"1320","Final",2377
"1321","Final",2123
"1322","Final",2217
"1323","Final",2010
"1324","Final",2353
"1325","Final",2423
"1326","Final",2497
"1327","Final",2489
"1328","Final",2301
"1329","Final",2495
"1330","Final",2607
"1331","Final",1910
"1332","Final",2452
"1333","Final",2582
"1334","Final",2490
"1335","Final",2303
"1336","Final",2669
"1337","Final",1988
"1338","Final",1883
"1339","Final",2118
"1340","Final",2127
"1341","Final",2459
"1342","Final",1913
"1343","Final",1940
"1344","Final",2480
"1345","Final",2278
"1346","Final",1938
"1347","Final",2064
"1348","Final",2375
"1349","Final",1888
"1350","Final",2664
"1351","Final",2483
"1352","Final",2260
"1353","Final",2328
"1354","Final",2097
"1355","Final",2011
"1356","Final",2045
"1357","Final",1905
"1358","Final",2624
"1359","Final",2280
"1360","Final",2375
"1361","Final",2309
"1362","Final",2439
"1363","Final",2063
"1364","Final",1727
"1365","Final",2523
"1366","Final",2669
"1367","Final",2266
"1368","Final",2223
"1369","Final",2266
"1370","Final",2664
"1371","Final",2250
"1372","Final",2714
"1373","Final",2600
"1374","Final",2413
"1375","Final",2061
"1376","Final",2648
"1377","Final",2370
"1378","Final",2593
"1379","Final",2225
"1380","Final",2026
"1381","Final",2110
"1382","Final",2278
"1383","Final",2104
"1384","Final",2252
"1385","Final",2327
"1386","Final",2296
"1387","Final",2367
"1388","Final",2328
"1389","Final",2296
"1390","Final",2367
"1391","Final",2038
"1392","Final",1870
"1393","Final",2413
"1394","Final",2221
"1395","Final",2084
"1396","Final",2372
"1397","Final",2166
"1398","Final",2021
"1399","Final",2223
"1400","Final",1786
"1401","Final",2188
"1402","Final",2175
"1403","Final",1722
"1404","Final",2029
"1405","Final",2416
"1406","Final",1906
"1407","Final",2097
"1408","Final",2268
"1409","Final",2258
"1410","Final",2302
"1411","Final",2187
"1412","Final",2650
"1413","Final",2376
"1414","Final",2373
"1415","Final",2485
"1416","Final",2155
"1417","Final",2673
"1418","Final",2155
"1419","Final",2496
"1420","Final",1936
"1421","Final",2619
"1422","Final",2677
"1423","Final",2620
"1424","Final",2595
"1425","Final",2013
"1426","Final",1772
"1427","Final",2677
"1428","Final",2459
"1429","Final",2314
"1430","Final",2500
"1431","Final",2619
"1432","Final",1952
"1433","Final",2515
"1434","Final",2808
"1435","Final",2657
"1436","Final",2210
"1437","Final",2111
"1438","Final",2493
"1439","Final",2413
"1440","Final",2487
"1441","Final",2619
"1442","Final",1925
"1443","Final",2518
"1444","Final",2192
"1445","Final",2237
"1446","Final",2262
"1447","Final",2562
"1448","Final",2314
"1449","Final",2679
"1450","Final",2105
"1451","Final",2673
"1452","Final",2198
"1453","Final",2350
"1454","Final",2001
"1455","Final",2001
"1456","Final",2409
"1457","Final",2459
"1458","Final",2553
"1459","Final",2485
"1460","Final",1815
"1461","Final",1792
"1462","Final",2569
"1463","Final",2586
"1464","Final",2640
"1465","Final",1962
"1466","Final",2287
"1467","Final",2495
"1468","Final",2569
"1469","Final",2650
"1470","Final",2180
"1471","Final",2595
"1472","Final",2254
"1473","Final",2340
"1474","Final",2676
"1475","Final",2640
"1476","Final",2317
"1477","Final",2543
"1478","Final",2083
"1479","Final",2599
"1480","Final",1939
"1481","Final",2112
"1482","Final",2605
"1483","Final",2584
"1484","Final",2544
"1485","Final",2392
"1486","Final",1969
"1487","Final",2133
"1488","Final",2642
"1489","Final",2584
"1490","Final",2274
"1491","Final",2006
"1492","Final",2218
"1493","Final",2369
"1494","Final",2642
"1495","Final",2102
"1496","Final",2544
"1497","Final",2423
"1498","Final",1989
"1499","Final",2131
"1500","Final",1992
"1501","Final",2241
"1502","Final",2381
"1503","Final",2372
"1504","Final",2009
"1505","Final",2469
"1506","Final",2215
"1507","Final",2311
"1508","Final",2478
"1509","Final",1942
"1510","Final",2318
"1511","Final",1798
"1512","Final",2637
"1513","Final",2259
"1514","Final",2322
"1515","Final",1938
"1516","Final",2642
"1517","Final",2392
"1518","Final",2328
"1519","Final",2542
"1520","Final",2524
"1521","Final",2599
"1522","Final",2059
"1523","Final",2398
"1524","Final",2610
"1525","Final",2105
"1526","Final",1798
"1527","Final",2609
"1528","Final",2478
"1529","Final",2205
"1530","Final",2095
"1531","Final",2242
"1532","Final",2262
"1533","Final",2012
"1534","Final",2404
"1535","Final",2600
"1536","Final",2609
"1537","Final",1937
"1538","Final",2582
"1539","Final",1911
"1540","Final",2550
"1541","Final",1867
"1542","Final",2498
"1543","Final",2244
"1544","Final",2407
"1545","Final",2279
"1546","Final",2515
"1547","Final",2265
"1548","Final",2376
"1549","Final",2594
"1550","Final",2736
"1551","Final",2624
"1552","Final",2337
"1553","Final",2488
"1554","Final",2344
"1555","Final",2350
"1556","Final",2617
"1557","Final",2449
"1558","Final",2336
"1559","Final",2390
"1560","Final",2541
"1561","Final",2298
"1562","Final",2523
"1563","Final",2510
"1564","Final",2686
"1565","Final",2372
"1566","Final",2705
"1567","Final",2425
"1568","Final",2401
"1569","Final",2513
"1570","Final",2647
"1571","Final",2542
"1572","Final",2449
"1573","Final",2298
"1574","Final",2511
"1575","Final",2306
"1576","Final",2637
"1577","Final",2525
"1578","Final",2728
"1579","Final",2373
"1580","Final",2736
"1581","Final",2401
"1582","Final",2599
"1583","Final",2556
"1584","Final",2530
"1585","Final",2649
"1586","Final",2327
"1587","Final",2571
"1588","Final",2616
"1589","Final",2616
"1590","Final",2343
"1591","Final",2407
"1592","Final",2594
"1593","Final",2736
"1594","Final",2351
"1595","Final",2652
"1596","Final",2638
"1597","Final",2652
"1598","Final",2617
"1599","Final",2343
"1600","Final",2265
"1601","Final",2724
"1602","Final",2401
"1603","Final",2525
"1604","Final",2635
"1605","Final",2530
"1606","Final",2612
"1607","Final",2290
"1608","Final",2341
"1609","Final",2085
"1610","Final",2472
"1611","Final",2465
"1612","Final",2326
"1613","Final",2390
"1614","Final",2645
"1615","Final",2556
"1616","Final",1845
"1617","Final",2282
"1618","Final",2747
"1619","Final",2500
"1620","Final",2285
"1621","Final",2083
"1622","Final",2346
"1623","Final",2452
"1624","Final",1939
"1625","Final",2279
"1626","Final",2128
"1627","Final",2058
"1628","Final",2656
"1629","Final",2488
"1630","Final",2471
"1631","Final",2378
"1632","Final",2632
"1633","Final",2653
"1634","Final",2347
"1635","Final",2562
"1636","Final",2509
"1637","Final",1984
"1638","Final",2452
"1639","Final",2674
"1640","Final",2326
"1641","Final",2151
"1642","Final",2543
"1643","Final",2612
"1644","Final",2541
"1645","Final",2411
"1646","Final",2540
"1647","Final",2454
"1648","Final",1984
"1649","Final",2690
"1650","Final",2452
"1651","Final",2550
"1652","Final",2735
"1653","Final",2433
"1654","Final",2615
"1655","Final",2166
"1656","Final",2650
"1657","Final",2646
"1658","Final",2533
"1659","Final",2646
"1660","Final",2650
"1661","Final",2540
"1662","Final",2343
"1663","Final",2495
"1664","Final",2652
"1665","Final",2205
"1666","Final",2262
"1667","Final",2495
"1668","Final",2692
"1669","Final",2549
"1670","Final",2616
"1671","Final",2484
"1672","Final",2554
"1673","Final",2390
"1674","Final",2631
"1675","Final",2236
"1676","Final",2595
"1677","Final",2427
"1678","Final",2628
"1679","Final",2262
"1680","Final",2574
"1681","Final",2725
"1682","Final",2613
"1683","Final",2110
"1684","Final",2565
"1685","Final",2645
"1686","Final",2674
"1687","Final",2522
"1688","Final",2494
"1689","Final",2525
"1690","Final",2352
"1691","Final",2509
"1692","Final",2340
"1693","Final",2648
"1694","Final",2493
"1695","Final",2491
"1696","Final",2442
"1697","Final",2542
"1698","Final",2638
"1699","Final",2270
"1700","Final",2654
"1701","Final",2509
"1702","Final",2377
"1703","Final",2050
"1704","Final",2260
"1705","Final",2251
"1706","Final",2522
"1707","Final",2545
"1708","Final",1825
"1709","Final",2148
"1710","Final",2723
"1711","Final",2398
"1712","Final",2190
"1713","Final",2217
"1714","Final",1825
"1715","Final",2168
"1716","Final",2041
"1717","Final",2202
"1718","Final",2391
"1719","Final",2352
"1720","Final",1786
"1721","Final",1912
"1722","Final",2077
"1723","Final",2049
"1724","Final",2152
"1725","Final",1981
"1726","Final",2190
"1727","Final",2444
"1728","Final",1885
"1729","Final",1886
"1730","Final",1968
"1731","Final",2057
"1732","Final",2522
"1733","Final",1855
"1734","Final",2330
"1735","Final",1988
"1736","Final",2171
"1737","Final",1855
"1738","Final",2014
"1739","Final",2311
"1740","Final",1874
"1741","Final",1893
"1742","Final",2556
"1743","Final",2333
"1744","Final",1802
"1745","Final",2264
"1746","Final",2243
"1747","Final",2370
"1748","Final",1864
"1749","Final",2279
"1750","Final",2150
"1751","Final",2170
"1752","Final",1961
"1753","Final",2160
"1754","Final",1825
"1755","Final",1757
"1756","Final",2723
"1757","Final",2074
"1758","Final",2346
"1759","Final",2048
"1760","Final",1605
"1761","Final",2208
"1762","Final",2652
"1763","Final",1685
"1764","Final",2137
"1765","Final",2167
"1766","Final",2211
"1767","Final",2076
"1768","Final",1958
"1769","Final",2048
"1770","Final",1924
"1771","Final",2177
"1772","Final",2283
"1773","Final",2178
"1774","Final",1772
"1775","Final",2357
"1776","Final",1881
"1777","Final",2233
"1778","Final",2279
"1779","Final",2152
"1780","Final",2082
"1781","Final",1865
"1782","Final",1890
